idx,Instagram Tag,Number of Posts,Related Topic
0,#family,392927869,"#momlife, #mumblogger, #family"
1,#instamum,2578064,"#mumblogger, #instamum"
2,#mumblogger,1248771,#mumblogger
3,#mumbloggersuk,62933,"#mumblogger, #mumbloggersuk"
4,#mumbloggersaus,30,"#mumblogger, #mumbloggersaus"
5,#mumbloggersaustralia,22,"#mumblogger, #mumbloggersaustralia"
6,#mumbloggersunite,17,"#mumblogger, #mumbloggersunite"
7,#mumbloggersurrey,9,"#mumblogger, #mumbloggersurrey"
8,#mumbloggersus,8,"#mumblogger, #mumbloggersus"
9,#mumbloggersunited,5,"#mumblogger, #mumbloggersunited"
10,#mumbloggersu,3,"#mumblogger, #mumbloggersu"
11,#mumbloggersusa,3,"#mumblogger, #mumbloggersusa"
12,#mumbloggersuae,37,"#mumblogger, #mumbloggersuae, #momlife "
13,#mummyblogger,2457426,"#mumblogger, #momlife , #mummyblogger"
14,#mumbloggersaustria,44,"#mumblogger, #mumbloggersaustria, #momlife "
15,#firsttimemum,711981,"#mumblogger, #firsttimemum, #momlife "
16,#mumbloggersussex,5,"#mumblogger, #mumbloggersussex, #momlife "
17,#mumbloggers,195216,"#mumblogger, #mumbloggers, #momlife "
18,#mumlife,12557643,"#mumblogger, #mumlife, #momlife "
19,#mummylife,1084739,"#mumblogger, #mummylife, #momlife "
20,#mum,14986841,"#mumblogger, #mum, #momlife "
21,#mumssupportingmums,887475,"#mumblogger, #momlife , #mumssupportingmums"
22,#momlife,61439035,"#momlife, #kidlearning"
23,#children,34635076,"#children, #kidlearning"
24,#motherhood,25462096,"#motherhood, #kidlearning"
25,#instakids,24561236,"#instakids, #kidlearning"
26,#learning,17477954,"#learning, #kidlearning"
27,#parenting,13882171,"#parenting, #kidlearning"
28,#momsofinstagram,8528150,"#momlife, #momsofinstagram, #kidlearning"
29,#preschool,5728874,"#preschool, #kidlearning"
30,#familyiseverything,4788131,"#familyiseverything, #kidlearning"
31,#kidsroom,4639688,"#kidsroom, #kidlearning"
32,#momofboys,4442895,"#momofboys, #kidlearning"
33,#kidsactivities,2742213,"#kidsactivities, #kidlearning"
34,#homeschoolmom,1231981,"#homeschoolmom, #kidlearning"
35,#familyadventures,931323,"#familyadventures, #kidlearning"
36,#family1st,841947,"#family1st, #kidlearning"
37,#familysession,776287,"#familysession, #kidlearning"
38,#sydneykids,132090,"#sydneykids, #sydney, #kidlearning"
39,#kidactivities,129623,"#kidactivities, #kidlearning"
40,#homeschoolactivities,33869,"#homeschoolactivities, #kidlearning"
41,#homeschoolfamilylife,31740,"#homeschoolfamilylife, #kidlearning"
42,#prekids,14564,"#prekids, #kidlearning"
43,#kidlearning,8119,#kidlearning
44,#sydneymom,5407,"babygift, #sydneymom, #kidlearning"
45,#sydneykidsactivities,2153,"#sydneykidsactivities, #kidlearning"
46,#learningthroughbook,15,"#learningthroughbook, #kidlearning"
47,#australia,69850000,"#australia, #babygift, #sydney"
48,#melbourne,33630000,"#melbourne, #babygift, #sydney"
49,#ecofriendly,14265660,"#ecofriendly, #babygift"
50,#mommyandme,5911100,"#babygift, #mommyandme"
51,#makersmovement,5097091,"#makersmovement, #babygift"
52,#mommyblogger,4673944,"#mommyblogger, #babygift"
53,#dailypost,4559164,"#babygift, #dailypost"
54,#supporthandmade,3585459,"#supporthandmade, #babygift"
55,#ecofashion,2988542,"#ecofashion, #babygift"
56,#smallshoplove,594772,"#smallshoplove, #babygift"
57,#busymomlife,433571,"#busymomlife, #babygift"
58,#pregnancyphotography,400309,"#pregnancyphotography, #babygift"
59,#babygiftideas,343899,"#babygiftideas, #babygift"
60,#busymama,170593,"#busymama, #babygift"
61,#australianbrand,161548,"#australianbrand, #babygift"
62,#wearepregnant,34250,"#babygift, #wearepregnant"
63,#vieraflorida,14886,"#vieraflorida, #babygift"
64,#babygifts,1300756,"#babygift, #babygifts"
65,#mumbloggersunder5k,3,"#mumbloggersunder5k, #momlife "
66,#mumbloggersuku,4,"#mumbloggersuku, #momlife "
67,#mummyblog,412895,"#mummyblog, #momlife "
68,#mumbloggersuknewbornbabygirl,5,"#mumbloggersuknewbornbabygirl, #momlife "
69,#mumbloggersaudia,1,"#mumbloggersaudia, #momlife "
70,#mumbloggersunder10k,24,"#mumbloggersunder10k, #momlife "
71,#mumbloggersubai,1,"#mumbloggersubai, #momlife "
72,#mumbloggersunk,1,"#mumbloggersunk, #momlife "
73,#momlifestyle,1011841,"#momlife, #momlifestyle"
74,#momlifeishard,96410,"#momlife, #momlifeishard"
75,#momlifeisthebestlife,2833258,"#momlife, #momlifeisthebestlife"
76,#love,2120,"#momlife, #love"
77,#momlifechallenge,2499,"#momlife, #momlifechallenge"
78,#momlifeisbestlife,20403,"#momlife, #momlifeisbestlife"
79,#momlifetoday,2674,"#momlife, #momlifetoday"
80,#momlifevoxbox,1860,"#momlife, #momlifevoxbox"
81,#momlifebestlife,179938,"#momlife, #momlifebestlife"
82,#momlifemonday,3744,"#momlife, #momlifemonday"
83,#momliferules,39839,"#momlife, #momliferules"
84,#instagood,1370,"#instagood, #momlife"
85,#mom,50932998,"#momlife, #mom"
86,#babygirl,85029849,"#momlife, #babygirl"
87,#momlifebelike,1325720,"#momlife, #momlifebelike"
88,#momlifeisthebest,151096,"#momlife, #momlifeisthebest"
89,#kids,105899405,"#momlife, #kids"
90,#momliferocks,327669,"#momlife, #momliferocks"
91,#sydney,33560000,#sydney
92,#sydneyeats,2440000,"#sydneyeats, #sydney"
93,#sydneyfood,1790000,"#sydneyfood, #sydney"
94,#sydneyfoodie,1550000,"#sydneyfoodie, #sydney"
95,#sydneylife,1490000,"#sydney, #sydneylife"
96,#sydneylocal,1390000,"#sydneylocal, #sydney"
97,#sydneyharbour,1200000,"#sydneyharbour, #sydney"
98,#sydneyaustralia,1150000,"#sydney, #sydneyaustralia"
99,#ilovesydney,1480000,"#sydney, #ilovesydney"
100,#sydneyoperahouse,927460,"#sydneyoperahouse, #sydney"
101,#sydneycafe,660780,"#sydneycafe, #sydney"
102,#sydneyharbourbridge,606070,"#sydney, #sydneyharbourbridge"
103,#sydneyfoodies,570940,"#sydneyfoodies, #sydney"
104,#sydneyphotographer,570440,"#sydney, #sydneyphotographer"
105,#sydneyblogger,535450,"#sydneyblogger, #sydney"
106,#sydneyfashion,510360,"#sydneyfashion, #sydney"
107,#sydneywedding,501210,"#sydneywedding, #sydney"
108,#sydney_insta,490390,"#sydney_insta, #sydney"
109,#sydneyfoodblogger,470820,"#sydneyfoodblogger, #sydney"
110,#sydneymums,468710,"#sydneymums, #sydney"
111,#sydneyfoodshare,449300,"#sydney, #sydneyfoodshare"
112,#sydneyevents,357000,"#sydneyevents, #sydney"
113,#sydneystyle,353470,"#sydneystyle, #sydney"
114,#sydneyðŸ‡¦ðŸ‡º,351670,"#sydneyðŸ‡¦ðŸ‡º, #sydney"
115,#sydneymakeupartist,344920,"#sydneymakeupartist, #sydney"
116,#igerssydney,619760,"#igerssydney, #sydney"
117,#sydneyartist,308610,"#sydneyartist, #sydney"
118,#sydneycity,298730,"#sydneycity, #sydney"
119,#sydneycommunity,293550,"#sydneycommunity, #sydney"
120,#dogsofsydney,581520,"#dogsofsydney, #sydney"
121,#sydneycbd,288640,"#sydneycbd, #sydney"
122,#sydneycoffee,287610,"#sydney, #sydneycoffee"
123,#sydneydogs,259120,"#sydney, #sydneydogs"
124,#vividsydney,502210,"#vividsydney, #sydney"
125,#sydneyweddings,251080,"#sydneyweddings, #sydney"
126,#sydneyrestaurants,249630,"#sydneyrestaurants, #sydney"
127,#sydneyflorist,243250,"#sydneyflorist, #sydney"
128,#sydneyart,241770,"#sydney, #sydneyart"
129,#sydneybrunch,233150,"#sydney, #sydneybrunch"
130,#sydneyrealestate,231500,"#sydneyrealestate, #sydney"
131,#sydneyhairdresser,228010,"#sydneyhairdresser, #sydney"
132,#togelsydney,455590,"#sydney, #togelsydney"
133,#sydneycafes,217530,"#sydney, #sydneycafes"
134,#sydneyrestaurant,211030,"#sydneyrestaurant, #sydney"
135,#sydneymua,206530,"#sydneymua, #sydney"
136,#sydneyfolk,193270,"#sydney, #sydneyfolk"
137,#sydneycakes,190040,"#sydney, #sydneycakes"
138,#gaysydney,374080,"#sydney, #gaysydney"
139,#sydneysider,184500,"#sydney, #sydneysider"
140,#sydneybride,178310,"#sydneybride, #sydney"
141,#sydneyweddingphotographer,175130,"#sydney, #sydneyweddingphotographer"
142,#sydneytalker,172600,"#sydney, #sydneytalker"
143,#sydneymodel,172520,"#sydney, #sydneymodel"
144,#sydneyfoodblog,169750,"#sydney, #sydneyfoodblog"
145,#sydneytattoo,166280,"#sydneytattoo, #sydney"
146,#sydneybusiness,166020,"#sydney, #sydneybusiness"
147,#sydneyproperty,165930,"#sydneyproperty, #sydney"
148,#visitsydney,331810,"#visitsydney, #sydney"
149,#sydneyfashionblogger,164840,"#sydneyfashionblogger, #sydney"
150,#sydneylashes,159410,"#sydneylashes, #sydney"
151,#sydneybars,159110,"#sydneybars, #sydney"
152,#breakfastinsydney,311440,"#sydney, #breakfastinsydney"
153,#cityofsydney,309990,"#cityofsydney, #sydney"
154,#sydneyphotography,153230,"#sydneyphotography, #sydney"
155,#sydneyhair,147140,"#sydneyhair, #sydney"
156,#sydneyairport,146500,"#sydneyairport, #sydney"
157,#sydneybeaches,145360,"#sydneybeaches, #sydney"
158,#westernsydney,283280,"#westernsydney, #sydney"
159,#sydneybeauty,137130,"#sydneybeauty, #sydney"
160,#sydneyfoodporn,132580,"#sydney, #sydneyfoodporn"
161,#sydneyfoodguide,128670,"#sydneyfoodguide, #sydney"
162,#sydneylifestyle,124680,"#sydney, #sydneylifestyle"
163,#sydneysalon,124580,"#sydneysalon, #sydney"
164,#sydneyigers,123700,"#sydneyigers, #sydney"
165,#sydneysummer,122210,"#sydney, #sydneysummer"
166,#sydneyhairstylist,113190,"#sydneyhairstylist, #sydney"
167,#sydneydesserts,111080,"#sydney, #sydneydesserts"
168,#sydneybuilder,109750,"#sydneybuilder, #sydney"
169,#sydneynails,106330,"#sydney, #sydneynails"
170,#sydneycatering,106290,"#sydney, #sydneycatering"
171,#sydneyfitness,106040,"#sydneyfitness, #sydney"
172,#sydneyarchitecture,104690,"#sydneyarchitecture, #sydney"
173,#sydneybreakfast,102870,"#sydneybreakfast, #sydney"
174,#sydneymum,102700,"#sydneymum, #sydney"
175,#sydneyflowers,102660,"#sydneyflowers, #sydney"
176,#northsydney,192850,"#northsydney, #sydney"
177,#innerwestsydney,178070,"#innerwestsydney, #sydney"
178,#seesydney,139760,"#seesydney, #sydney"
179,#exploresydney,137760,"#exploresydney, #sydney"
180,#prediksisydney,133760,"#prediksisydney, #sydney"
181,#fossilsydneysatchel,128790,"#fossilsydneysatchel, #sydney"
182,#timeoutsydney,127700,"#timeoutsydney, #sydney"
183,#cavoodlesofsydney,123920,"#cavoodlesofsydney, #sydney"
184,#vegansofsydney,112770,"#vegansofsydney, #sydney"
185,#operahousesydney,110840,"#sydney, #operahousesydney"
186,#snapsydney,107260,"#sydney, #snapsydney"
187,#lovesydney,105130,"#lovesydney, #sydney"
188,#instasydney,103760,"#instasydney, #sydney"
189,#sydneynewbornphotographer,95640,"#sydneynewbornphotographer, #sydney"
190,#sydneystylist,91940,"#sydneystylist, #sydney"
191,#sydneydrinks,88080,"#sydneydrinks, #sydney"
192,#sydneyhomes,87870,"#sydney, #sydneyhomes"
193,#sydneyfoodbloggers,87840,"#sydneyfoodbloggers, #sydney"
194,#sydneytattooartist,84280,"#sydneytattooartist, #sydney"
195,#sydneystreetart,82640,"#sydneystreetart, #sydney"
196,#sydneynightlife,81070,"#sydneynightlife, #sydney"
197,#sydneyswans,80030,"#sydneyswans, #sydney"
198,#sydneydining,79870,"#sydneydining, #sydney"
199,#sydneypark,77660,"#sydney, #sydneypark"
200,#sydneymusic,77610,"#sydney, #sydneymusic"
201,#sydneysweeney,76680,"#sydneysweeney, #sydney"
202,#sydneydesigner,76170,"#sydneydesigner, #sydney"
203,#sydneymarkets,74420,"#sydneymarkets, #sydney"
204,#sydneydesign,73510,"#sydneydesign, #sydney"
205,#sydneybrides,72450,"#sydneybrides, #sydney"
206,#sydneyvegans,71600,"#sydneyvegans, #sydney"
207,#sydneydessert,71600,"#sydney, #sydneydessert"
208,#sydneyinteriors,69330,"#sydney, #sydneyinteriors"
209,#sydneylunch,68310,"#sydney, #sydneylunch"
210,#sydneymakeup,67600,"#sydneymakeup, #sydney"
211,#sydneynorthernbeaches,67080,"#sydneynorthernbeaches, #sydney"
212,#sydneygirl,66850,"#sydney, #sydneygirl"
213,#sydneyserena,66490,"#sydneyserena, #sydney"
214,#sydneytower,65790,"#sydneytower, #sydney"
215,#sydneysmallbusiness,64510,"#sydneysmallbusiness, #sydney"
216,#sydneytrip,62920,"#sydneytrip, #sydney"
217,#sydneyfoodlover,61050,"#sydneyfoodlover, #sydney"
218,#sydneyyoga,60640,"#sydneyyoga, #sydney"
219,#sydneyeatstreet,60310,"#sydney, #sydneyeatstreet"
220,#sydneyweddingphotography,59620,"#sydneyweddingphotography, #sydney"
221,#sydneyfc,59610,"#sydneyfc, #sydney"
222,#sydneynailart,59560,"#sydneynailart, #sydney"
223,#sydneyshopping,59540,"#sydneyshopping, #sydney"
224,#sydneysunset,58830,"#sydney, #sydneysunset"
225,#sydneyfamilyphotographer,58310,"#sydneyfamilyphotographer, #sydney"
226,#sydneydinner,57520,"#sydney, #sydneydinner"
227,#sydneyeyelashextensions,57320,"#sydneyeyelashextensions, #sydney"
228,#sydneybar,57120,"#sydney, #sydneybar"
229,#sydneymardigras,56920,"#sydneymardigras, #sydney"
230,#sydneygraffiti,56090,"#sydney, #sydneygraffiti"
231,#sydneypools,55620,"#sydneypools, #sydney"
232,#sydneyhairsalon,54640,"#sydneyhairsalon, #sydney"
233,#sydneyolympicpark,53270,"#sydney, #sydneyolympicpark"
234,#sydneysunriseclub,52900,"#sydneysunriseclub, #sydney"
235,#sydneypubs,52440,"#sydneypubs, #sydney"
236,#sydneyfishmarket,52230,"#sydney, #sydneyfishmarket"
237,#sydneymade,51860,"#sydneymade, #sydney"
238,#sydneyweekend,50590,"#sydneyweekend, #sydney"
239,#sydneyuni,50130,"#sydney, #sydneyuni"
240,#sydneybrunchcrawler,49320,"#sydneybrunchcrawler, #sydney"
241,#sydneynewbornphotography,48530,"#sydneynewbornphotography, #sydney"
242,#whatsonsydney,96990,"#whatsonsydney, #sydney"
243,#sydneyweekender,47690,"#sydneyweekender, #sydney"
244,#eatsydney,94780,"#eatsydney, #sydney"
245,#sydneyfestival,46880,"#sydneyfestival, #sydney"
246,#sydneyliving,46460,"#sydney, #sydneyliving"
247,#sydneygram,46250,"#sydney, #sydneygram"
248,#sydneybabyphotographer,46120,"#sydneybabyphotographer, #sydney"
249,#sydneyweather,45910,"#sydneyweather, #sydney"
250,#airmaxsydney,91670,"#sydney, #airmaxsydney"
251,#sydneybrows,44720,"#sydney, #sydneybrows"
252,#sydneyroosters,43980,"#sydneyroosters, #sydney"
253,#sydneytrains,43930,"#sydneytrains, #sydney"
254,#madeinsydney,86020,"#madeinsydney, #sydney"
255,#sydneybuilders,42970,"#sydney, #sydneybuilders"
256,#sydneytravel,42740,"#sydneytravel, #sydney"
257,#sydneybaker,41850,"#sydneybaker, #sydney"
258,#sydneycolourist,41220,"#sydneycolourist, #sydney"
259,#northernbeachessydney,81530,"#sydney, #northernbeachessydney"
260,#sydneysiders,40230,"#sydney, #sydneysiders"
261,#sydneyroad,40210,"#sydneyroad, #sydney"
262,#sydneyinteriordesign,40200,"#sydneyinteriordesign, #sydney"
263,#sydneyburgers,40010,"#sydneyburgers, #sydney"
264,#sydneyjeweller,39910,"#sydneyjeweller, #sydney"
265,#sydneyweed,39740,"#sydneyweed, #sydney"
266,#sydneygay,39510,"#sydney, #sydneygay"
267,#sydneyinfluencer,39410,"#sydneyinfluencer, #sydney"
268,#fossilsydney,78630,"#sydney, #fossilsydney"
269,#sydneyinsta,38890,"#sydney, #sydneyinsta"
270,#sydneymumsandbubs,38380,"#sydneymumsandbubs, #sydney"
271,#catsofsydney,76230,"#catsofsydney, #sydney"
272,#sydneyinstarunners,38100,"#sydneyinstarunners, #sydney"
273,#sydneyskyline,38050,"#sydneyskyline, #sydney"
274,#sydneyisskyblue,37560,"#sydneyisskyblue, #sydney"
275,#sydneybridge,36640,"#sydney, #sydneybridge"
276,#sydneyjewellery,36200,"#sydneyjewellery, #sydney"
277,#sydneyveganguide,36140,"#sydneyveganguide, #sydney"
278,#prediksitogelsydney,72090,"#prediksitogelsydney, #sydney"
279,#sydneybloggers,35790,"#sydneybloggers, #sydney"
280,#sydneyprophire,35740,"#sydney, #sydneyprophire"
281,#sydneylove,35280,"#sydneylove, #sydney"
282,#sydneymodels,35060,"#sydneymodels, #sydney"
283,#sydneylashextensions,34760,"#sydneylashextensions, #sydney"
284,#sydneyconstruction,34760,"#sydney, #sydneyconstruction"
285,#sydneycars,34450,"#sydney, #sydneycars"
286,#broadsheetsydney,68300,"#broadsheetsydney, #sydney"
287,#sydneycoffeeculture,33960,"#sydney, #sydneycoffeeculture"
288,#sydneycake,33910,"#sydney, #sydneycake"
289,#realestatesydney,67670,"#sydney, #realestatesydney"
290,#sydneystreets,33800,"#sydneystreets, #sydney"
291,#sydneyeat,33790,"#sydney, #sydneyeat"
292,#sydneystorm,33450,"#sydneystorm, #sydney"
293,#xploresydney,66830,"#sydney, #xploresydney"
294,#sydneycats,33230,"#sydneycats, #sydney"
295,#sydneygallery,32860,"#sydneygallery, #sydney"
296,#brunchinsydney,65500,"#sydney, #brunchinsydney"
297,#sydneyboutique,32620,"#sydneyboutique, #sydney"
298,#sydneyfoods,32500,"#sydneyfoods, #sydney"
299,#universityofsydney,64840,"#universityofsydney, #sydney"
300,#sydneyevent,32240,"#sydney, #sydneyevent"
301,#sydneyartists,32180,"#sydneyartists, #sydney"
302,#makeupartistsydney,62870,"#makeupartistsydney, #sydney"
303,#sydneyweddingplanner,31010,"#sydneyweddingplanner, #sydney"
304,#newtownsydney,61710,"#sydney, #newtownsydney"
305,#sydneynorthshore,30600,"#sydneynorthshore, #sydney"
306,#sydneygym,30530,"#sydneygym, #sydney"
307,#sydneybaby,30480,"#sydneybaby, #sydney"
308,#coffeesydney,59450,"#coffeesydney, #sydney"
309,#sydneydogwalking,29480,"#sydneydogwalking, #sydney"
310,#resultsydney,58370,"#resultsydney, #sydney"
311,#sydneyweddingvenue,28780,"#sydneyweddingvenue, #sydney"
312,#sydneyroyaleastershow,28290,"#sydneyroyaleastershow, #sydney"
313,#sydneyferries,27850,"#sydney, #sydneyferries"
314,#sydneydresshire,26990,"#sydneydresshire, #sydney"
315,#sydneytowereye,26830,"#sydneytowereye, #sydney"
316,#sydneypropertymarket,26800,"#sydneypropertymarket, #sydney"
317,#sydneybased,26680,"#sydneybased, #sydney"
318,#sydneycelebrant,26660,"#sydneycelebrant, #sydney"
319,#sydneysunsetclub,26490,"#sydneysunsetclub, #sydney"
320,#sydneyeventhire,26320,"#sydneyeventhire, #sydney"
321,#bondibeachsydney,52610,"#sydney, #bondibeachsydney"
322,#sydneyfoodcrew,26070,"#sydneyfoodcrew, #sydney"
323,#sydneycocktails,25770,"#sydneycocktails, #sydney"
324,#sydneynovak,25700,"#sydneynovak, #sydney"
325,#sydneyhairextensions,25690,"#sydneyhairextensions, #sydney"
326,#sydneyartgallery,25210,"#sydneyartgallery, #sydney"
327,#sydneydogdaycare,25020,"#sydneydogdaycare, #sydney"
328,#keepsydneyopen,49810,"#keepsydneyopen, #sydney"
329,#eyelashextensionssydney,49500,"#eyelashextensionssydney, #sydney"
330,#sydneyweddingflorist,24410,"#sydney, #sydneyweddingflorist"
331,#sydneydentist,24400,"#sydneydentist, #sydney"
332,#sydneyparty,24250,"#sydneyparty, #sydney"
333,#sydneyphotographers,24210,"#sydneyphotographers, #sydney"
334,#hairextensionssydney,48370,"#sydney, #hairextensionssydney"
335,#ig_sydney,48260,"#sydney, #ig_sydney"
336,#sydneyblog,24130,"#sydneyblog, #sydney"
337,#sydneynail,24040,"#sydney, #sydneynail"
338,#sydneyrides,23980,"#sydneyrides, #sydney"
339,#auckland,5330000,#auckland
340,#adelaide,6340000,#adelaide
341,#southaustralia,3370000,#southaustralia
342,#queensland,6240000,#queensland
343,#perth,10560000,#perth
344,#bondi,2500000,"#bondi, #sydney"
345,#goldcoast,8560000,#goldcoast
346,#brisbaneanyday,1220000,#brisbaneanyday
347,#nz,8330000,#nz
348,#melbourneeats,1730000,#melbourneeats
349,#melbournefood,2380000,#melbournefood
350,#geelong,1230000,#geelong
351,#brisbane,11800000,#brisbane
352,#melbournefoodie,2180000,#melbournefoodie
353,#melbournelife,1890000,#melbournelife
354,#perthlife,2840000,#perthlife
355,#bondibeach,1780000,"#sydney, #bondibeach"
356,#melbournecity,1110000,#melbournecity
357,#visitmelbourne,1600000,#visitmelbourne
358,#igersmelbourne,1130000,#igersmelbourne
359,#cairns,2180000,#cairns
360,#canberra,2920000,#canberra
361,#nsw,4220000,"#nsw, #sydney"
362,#qld,1760000,#qld
363,#australiagram,3340000,#australiagram
364,#australiaday,1040000,#australiaday
365,#newsouthwales,1790000,#newsouthwales
366,#downunder,1120000,#downunder
367,#hobart,1260000,#hobart
368,#photooftheday,932290000,#photooftheday
369,#photography,769780000,#photography
370,#food,449070000,#food
371,#travel,569900000,#travel
372,#instagram,692570000,#instagram
373,#foodporn,264260000,#foodporn
374,#picoftheday,656110000,#picoftheday
375,#nature,640100000,#nature
376,#foodie,190360000,#foodie
377,#fashion,973290000,#fashion
378,#delicious,128560000,#delicious
379,#beautiful,749630000,#beautiful
380,#art,809180000,#art
381,#style,565990000,#style
382,#instafood,201070000,#instafood
383,#foodphotography,80900000,#foodphotography
384,#design,283320000,#design
385,#instadaily,539450000,#instadaily
386,#foodstagram,92000000,#foodstagram
387,#photo,402390000,#photo
388,#homemade,97730000,#homemade
389,#london,149670000,#london
390,#smile,407620000,#smile
391,#foodblogger,59560000,#foodblogger
392,#interiordesign,124150000,#interiordesign
393,#followme,576120000,#followme
394,#cake,102880000,#cake
395,#happy,640190000,#happy
396,#beauty,458060000,#beauty
397,#lunch,94080000,#lunch
398,#furniture,31270000,#furniture
399,#dinner,111400000,#dinner
400,#foodlover,57500000,#foodlover
401,#cooking,48840000,#cooking
402,#tasty,56560000,#tasty
403,#instalike,435550000,#instalike
404,#newyork,112670000,#newyork
405,#dessert,65140000,#dessert
406,#breakfast,104520000,#breakfast
407,#fitness,455620000,#fitness
408,#photographer,206350000,#photographer
409,#sunset,283090000,#sunset
410,#chocolate,98530000,#chocolate
411,#girl,432340000,#girl
412,#homedecor,97000000,#homedecor
413,#travelphotography,154950000,#travelphotography
414,#beach,270060000,#beach
415,#dubai,109810000,#dubai
416,#travelgram,144240000,#travelgram
417,#summer,499130000,#summer
418,#bhfyp,122210000,#bhfyp
419,#amazing,295380000,#amazing
420,#likeforlikes,298210000,#likeforlikes
421,#decoration,44430000,#decoration
422,#marketing,55660000,#marketing
423,#homecooking,18360000,#homecooking
424,#like4like,534720000,#like4like
425,#naturephotography,160830000,#naturephotography
426,#paris,129150000,#paris
427,#cute,632730000,#cute
428,#healthy,174590000,#healthy
429,#designer,75810000,#designer
430,#igers,292120000,#igers
431,#life,384800000,#life
432,#eat,50510000,#eat
433,#landscape,166300000,#landscape
434,#sky,241580000,#sky
435,#decor,77340000,#decor
436,#healthyfood,96990000,#healthyfood
437,#canada,70230000,#canada
438,#homedesign,25780000,#homedesign
439,#furnituredesign,8970000,#furnituredesign
440,#foodgasm,60690000,#foodgasm
441,#home,174840000,#home
442,#business,84590000,#business
443,#makeup,343760000,#makeup
444,#interior,68020000,#interior
445,#sweet,125200000,#sweet
446,#baking,32330000,#baking
447,#sea,155030000,#sea
448,#italy,141890000,#italy
449,#followforfollowback,198220000,#followforfollowback
450,#ootd,367970000,#ootd
451,#interiors,28110000,#interiors
452,#dentistry,7100000,#dentistry
453,#lifestyle,278280000,#lifestyle
454,#wedding,206390000,#wedding
455,#me,450430000,#me
456,#dentist,9820000,#dentist
457,#model,309820000,#model
458,#healthylifestyle,90970000,#healthylifestyle
459,#odontologia,9830000,#odontologia
460,#losangeles,74670000,#losangeles
461,#weddingdress,43220000,#weddingdress
462,#dental,6050000,#dental
463,#california,93010000,#california
464,#miami,79550000,#miami
465,#branding,29990000,#branding
466,#photoshoot,142510000,#photoshoot
467,#bestoftheday,214260000,#bestoftheday
468,#follow4follow,300500000,#follow4follow
469,#motivation,277980000,#motivation
470,#explore,234330000,#explore
471,#berlin,48060000,#berlin
472,#cakes,24010000,#cakes
473,#clouds,120740000,#clouds
474,#eggs,14130000,#eggs
475,#inspiration,202030000,#inspiration
476,#sunrise,75650000,#sunrise
477,#friends,421740000,#friends
478,#gym,212060000,#gym
479,#stayhome,54660000,#stayhome
480,#illustration,166450000,#illustration
481,#mountains,91110000,#mountains
482,#running,76350000,#running
483,#sun,258740000,#sun
484,#logo,26200000,#logo
485,#interiorstyling,12720000,#interiorstyling
486,#seeaustralia,5620000,#seeaustralia
487,#dresses,25090000,#dresses
488,#luxuryfurniture,1430000,#luxuryfurniture
489,#fun,418480000,#fun
490,#architecture,150390000,#architecture
491,#bride,68850000,#bride
492,#barcelona,62280000,#barcelona
493,#massage,11400000,#massage
494,#seo,6140000,#seo
495,#india,133270000,#india
496,#training,118890000,#training
497,#adelaidefoodie,207540,#adelaidefoodie
498,#adelaideeats,181130,#adelaideeats
499,#aucklandcity,471160,#aucklandcity
500,#melbournebrunch,463390,#melbournebrunch
501,#melbournecafes,339900,#melbournecafes
502,#melbournerestaurant,405720,#melbournerestaurant
503,#mosman,230840,#mosman
504,#maroubra,225080,#maroubra
505,#coogee,493240,#coogee
506,#glebe,186490,#glebe
507,#parramatta,307420,#parramatta
508,#randwick,128310,#randwick
509,#redfern,161840,#redfern
510,#melbournefoodblogger,385580,#melbournefoodblogger
511,#melbournefoodscene,237870,#melbournefoodscene
512,#eatmelbourne,344160,#eatmelbourne
513,#southyarra,376790,#southyarra
514,#melbournefoodies,406730,#melbournefoodies
515,#melbourne_insta,477390,#melbourne_insta
516,#australiagram_nsw,114470,#australiagram_nsw
517,#stkilda,999110,#stkilda
518,#ilovemelbourne,569840,#ilovemelbourne
519,#zomatoaus,562650,#zomatoaus
520,#goodfoodau,181260,#goodfoodau
521,#melbmoment,387360,#melbmoment
522,#brisbanefoodie,559890,#brisbanefoodie
523,#brisbanefood,831710,#brisbanefood
524,#brisbanecity,980280,#brisbanecity
525,#melbournecbd,475440,#melbournecbd
526,#wollongong,931250,#wollongong
527,#brisbanefoodies,167770,#brisbanefoodies
528,#harbourbridge,828570,#harbourbridge
529,#northernbeaches,937790,#northernbeaches
530,#surryhills,549740,#surryhills
531,#darlingharbour,622130,#darlingharbour
532,#southmelbourne,235870,#southmelbourne
533,#fremantle,894020,#fremantle
534,#broadbeach,309550,#broadbeach
535,#watsonsbay,170700,#watsonsbay
536,#circularquay,305340,#circularquay
537,#tauranga,449920,#tauranga
538,#stkildabeach,195950,#stkildabeach
539,#portmelbourne,253850,#portmelbourne
544,#toronto,644330,"#toronto, #sydney"
545,#melbournefoodiehub,47460,#melbournefoodiehub
547,#savehospo,37870,#savehospo
